Giới tính,Chiều cao,Cân nặng,Toeic,Nơi làm việc
"Series([], Name: count, dtype: int64)",168.45454545454547,56.0,364.09090909090907,"Series([], Name: count, dtype: int64)"
,168.0,53.0,295.0,
,170,52.0,260,
,12.47272727272727,59.6,22779.090909090908,
,3.531674853766591,7.720103626247513,150.92743590577197,
,"(162, 175)","(47.0, 74.0)","(230, 700)",
,,,,
,,,,
